<?xml version="1.0" encoding="UTF-8"?>
<site>
   <description name="cnfree&apos;s Projects Update" url="http://feeling.sourceforge.net/update">
      cnfree&apos;s Projects Update
   </description>
   <feature url="features/org.sf.feeling.decompiler_1.0.3.201303261728.jar" id="org.sf.feeling.decompiler" version="1.0.3.201303261728" os="linux,macosx,win32">
      <category name="Eclipse Class Decompiler"/>
   </feature>
   <category-def name="Eclipse Class Decompiler" label="Eclipse Class Decompiler">
      <description>
         Eclipse Class Decompiler is a plug-in that seamlessly integrates Jad and JD-Core with Eclipse.
      </description>
   </category-def>
</site>
